GEO_ID,city,state,2015 Population,2016 Population,2017 Population,2018 Population,Average
1600000US0107000,Birmingham,Alabama,214911.0,213434.0,212744.0,209294.0,212595.75
1600000US0121184,Dothan,Alabama,67536.0,67714.0,67526.0,67814.0,67647.5
1600000US0135896,Hoover,Alabama,84839.0,84943.0,84937.0,85115.0,84958.5
1600000US0137000,Huntsville,Alabama,189114.0,196225.0,195369.0,199808.0,195129.0
1600000US0150000,Mobile,Alabama,194305.0,192895.0,190273.0,189570.0,191760.75
1600000US0151000,Montgomery,Alabama,200586.0,200024.0,199525.0,198218.0,199588.25
1600000US0177256,Tuscaloosa,Alabama,98338.0,99556.0,100296.0,101111.0,99825.25
1600000US0203000,Anchorage,Alaska,298695.0,298192.0,294356.0,291538.0,295695.25
1600000US0404720,Avondale,Arizona,80683.0,82875.0,84034.0,85828.0,83355.0
1600000US0410670,Casas Adobes,Arizona,65265.0,70589.0,73668.0,75694.0,71304.0
1600000US0412000,Chandler,Arizona,260833.0,247459.0,253448.0,257153.0,254723.25
1600000US0423620,Flagstaff,Arizona,70317.0,71455.0,71975.0,73955.0,71925.5
1600000US0427400,Gilbert,Arizona,247523.0,237120.0,242362.0,248269.0,243818.5
1600000US0427820,Glendale,Arizona,240114.0,245849.0,246708.0,250705.0,245844.0
1600000US0428380,Goodyear,Arizona,79003.0,77266.0,79850.0,82837.0,79739.0
1600000US0446000,Mesa,Arizona,471833.0,484622.0,496395.0,508979.0,490457.25
1600000US0454050,Peoria,Arizona,171242.0,164198.0,168174.0,172272.0,168971.5
1600000US0455000,Phoenix,Arizona,1563001.0,1615041.0,1626085.0,1660272.0,1616099.75
1600000US0464210,San Tan Valley,Arizona,82797.0,82911.0,92851.0,105922.0,91120.25
1600000US0465000,Scottsdale,Arizona,236844.0,246646.0,249947.0,255315.0,247188.0
1600000US0471510,Surprise,Arizona,128442.0,132673.0,134079.0,138144.0,133334.5
1600000US0473000,Tempe,Arizona,175826.0,182499.0,185025.0,192354.0,183926.0
1600000US0477000,Tucson,Arizona,531674.0,530690.0,535676.0,545987.0,536006.75
1600000US0485540,Yuma,Arizona,94145.0,94892.0,95494.0,97917.0,95612.0
1600000US0523290,Fayetteville,Arkansas,82832.0,83823.0,85258.0,86765.0,84669.5
1600000US0524550,Fort Smith,Arkansas,88195.0,88122.0,88028.0,87851.0,88049.0
1600000US0535710,Jonesboro,Arkansas,73906.0,74892.0,75867.0,76990.0,75413.75
1600000US0541000,Little Rock,Arkansas,197986.0,198546.0,198594.0,197868.0,198248.5
1600000US0550450,North Little Rock,Arkansas,66506.0,66273.0,65920.0,66126.0,66206.25
1600000US0566080,Springdale,Arkansas,80454.0,81799.0,82397.0,81641.0,81572.75
1600000US0600562,Alameda,California,78614.0,78907.0,79188.0,78322.0,78757.75
1600000US0600884,Alhambra,California,85572.0,85465.0,85391.0,84650.0,85269.5
1600000US0602000,Anaheim,California,350738.0,351066.0,352456.0,352018.0,351569.5
1600000US0602252,Antioch,California,110542.0,110876.0,111683.0,111535.0,111159.0
1600000US0602364,Apple Valley,California,72185.0,72542.0,73071.0,73508.0,72826.5
1600000US0602553,Arden-Arcade,California,96276.0,106061.0,100573.0,107894.0,102701.0
1600000US0603526,Bakersfield,California,373627.0,376371.0,380887.0,383601.0,378621.5
1600000US0603666,Baldwin Park,California,77056.0,76465.0,76392.0,75806.0,76429.75
1600000US0604982,Bellflower,California,78434.0,77789.0,77772.0,77132.0,77781.75
1600000US0606000,Berkeley,California,120971.0,121241.0,122334.0,121654.0,121550.0
1600000US0608786,Buena Park,California,83264.0,83148.0,83026.0,82435.0,82968.25
1600000US0608954,Burbank,California,105314.0,104451.0,104823.0,103687.0,104568.75
1600000US0610046,Camarillo,California,67623.0,67345.0,67849.0,69112.0,67982.25
1600000US0611194,Carlsbad,California,113466.0,113957.0,115326.0,115897.0,114661.5
1600000US0611390,Carmichael,California,63215.0,63064.0,65959.0,65328.0,64391.5
1600000US0611530,Carson,California,93296.0,92821.0,92736.0,91899.0,92688.0
1600000US0613014,Chico,California,90336.0,91545.0,93297.0,94787.0,92491.25
1600000US0613210,Chino,California,85599.0,87771.0,89798.0,91589.0,88689.25
1600000US0613214,Chino Hills,California,78313.0,78821.0,80400.0,83438.0,80243.0
1600000US0613392,Chula Vista,California,265754.0,267169.0,270450.0,271653.0,268756.5
1600000US0613588,Citrus Heights,California,87053.0,87444.0,87924.0,87916.0,87584.25
1600000US0614218,Clovis,California,104172.0,106587.0,109700.0,112019.0,108119.5
1600000US0615044,Compton,California,98448.0,97537.0,97626.0,96616.0,97556.75
1600000US0616000,Concord,California,128668.0,128728.0,129778.0,129681.0,129213.75
1600000US0616350,Corona,California,164242.0,166774.0,167843.0,168826.0,166921.25
1600000US0616532,Costa Mesa,California,113186.0,112825.0,113821.0,113610.0,113360.5
1600000US0617918,Daly City,California,106574.0,106484.0,107091.0,107016.0,106791.25
1600000US0618100,Davis,California,67656.0,68107.0,68985.0,69288.0,68509.0
1600000US0619766,Downey,California,114211.0,113267.0,113089.0,112262.0,113207.25
1600000US0620802,East Los Angeles,California,119666.0,127804.0,125542.0,117961.0,122743.25
1600000US0621712,El Cajon,California,103688.0,103769.0,103906.0,103229.0,103648.0
1600000US0622020,Elk Grove,California,166890.0,169780.0,171831.0,172891.0,170348.0
1600000US0622230,El Monte,California,116745.0,115800.0,116110.0,115602.0,116064.25
1600000US0622804,Escondido,California,151458.0,151594.0,151979.0,152232.0,151815.75
1600000US0623182,Fairfield,California,112972.0,114757.0,116280.0,116885.0,115223.5
1600000US0624477,Florence-Graham,California,66359.0,63582.0,68095.0,63621.0,65414.25
1600000US0624638,Folsom,California,76368.0,77278.0,78038.0,79015.0,77674.75
1600000US0624680,Fontana,California,207472.0,209659.0,211820.0,213736.0,210671.75
1600000US0626000,Fremont,California,232191.0,233145.0,234954.0,237815.0,234526.25
1600000US0627000,Fresno,California,520072.0,522021.0,527422.0,530073.0,524897.0
1600000US0628000,Fullerton,California,140849.0,140734.0,140402.0,139629.0,140403.5
1600000US0629000,Garden Grove,California,175384.0,174877.0,174228.0,172652.0,174285.25
1600000US0630000,Glendale,California,201025.0,200826.0,203066.0,201374.0,201572.75
1600000US0632548,Hawthorne,California,88444.0,88032.0,87863.0,86970.0,87827.25
1600000US0633000,Hayward,California,158300.0,158969.0,160485.0,159618.0,159343.0
1600000US0633182,Hemet,California,83873.0,84277.0,85153.0,85291.0,84648.5
1600000US0633434,Hesperia,California,93286.0,93714.0,94867.0,95267.0,94283.5
1600000US0636000,Huntington Beach,California,201927.0,200631.0,201882.0,200658.0,201274.5
1600000US0636448,Indio,California,87526.0,88484.0,89784.0,91235.0,89257.25
1600000US0636546,Inglewood,California,111656.0,110667.0,110611.0,109427.0,110590.25
1600000US0636770,Irvine,California,256927.0,266117.0,277436.0,282584.0,270766.0
1600000US0637692,Jurupa Valley,California,100314.0,103543.0,106032.0,108400.0,104572.25
1600000US0639248,Laguna Niguel,California,65812.0,65328.0,66346.0,66265.0,65937.75
1600000US0639496,Lake Forest,California,82497.0,83236.0,84308.0,85619.0,83915.0
1600000US0639892,Lakewood,California,81592.0,81121.0,80971.0,80132.0,80954.0
1600000US0640130,Lancaster,California,161113.0,160107.0,160323.0,159038.0,160145.25
1600000US0641992,Livermore,California,88117.0,89118.0,90290.0,90258.0,89445.75
1600000US0643000,Long Beach,California,474172.0,470140.0,469459.0,467353.0,470281.0
1600000US0644000,Los Angeles,California,3971896.0,3976324.0,3999742.0,3990469.0,3984607.75
1600000US0644574,Lynwood,California,72005.0,71184.0,71115.0,70492.0,71199.0
1600000US0645484,Manteca,California,75450.0,76912.0,79275.0,81593.0,78307.5
1600000US0646842,Menifee,California,87163.0,88510.0,90599.0,92602.0,89718.5
1600000US0646898,Merced,California,82440.0,82573.0,83100.0,83311.0,82856.0
1600000US0647766,Milpitas,California,77617.0,77534.0,78108.0,80424.0,78420.75
1600000US0648256,Mission Viejo,California,97163.0,96386.0,96009.0,95196.0,96188.5
1600000US0648354,Modesto,California,211257.0,212172.0,214220.0,215032.0,213170.25
1600000US0649270,Moreno Valley,California,204181.0,205516.0,207211.0,209051.0,206489.75
1600000US0649670,Mountain View,California,80438.0,80459.0,81443.0,83377.0,81429.25
1600000US0650076,Murrieta,California,109816.0,111682.0,113316.0,114982.0,112449.0
1600000US0650258,Napa,California,80429.0,80412.0,79782.0,79261.0,79971.0
1600000US0651182,Newport Beach,California,87131.0,86683.0,86151.0,85315.0,86320.0
1600000US0652526,Norwalk,California,107145.0,106161.0,106086.0,105125.0,106129.25
1600000US0653000,Oakland,California,419278.0,419987.0,425204.0,429114.0,423395.75
1600000US0653322,Oceanside,California,175714.0,175441.0,176208.0,176090.0,175863.25
1600000US0653896,Ontario,California,171200.0,173211.0,175850.0,181119.0,175345.0
1600000US0653980,Orange,California,140995.0,140507.0,140557.0,139502.0,140390.25
1600000US0654652,Oxnard,California,207252.0,207911.0,210038.0,209886.0,208771.75
1600000US0655156,Palmdale,California,158350.0,157349.0,157507.0,156661.0,157466.75
1600000US0655282,Palo Alto,California,66848.0,67021.0,67170.0,66655.0,66923.5
1600000US0656000,Pasadena,California,142246.0,142052.0,142632.0,141374.0,142076.0
1600000US0656700,Perris,California,74959.0,76330.0,77895.0,79139.0,77080.75
1600000US0657456,Pittsburg,California,69427.0,70677.0,72157.0,72443.0,71176.0
1600000US0657792,Pleasanton,California,79519.0,82267.0,83007.0,82377.0,81792.5
1600000US0658072,Pomona,California,153252.0,152476.0,152946.0,152348.0,152755.5
1600000US0659444,Rancho Cordova,California,71026.0,72319.0,73554.0,74590.0,72872.25
1600000US0659451,Rancho Cucamonga,California,175232.0,176540.0,177446.0,177742.0,176740.0
1600000US0659920,Redding,California,91579.0,91797.0,91788.0,91777.0,91735.25
1600000US0659962,Redlands,California,71028.0,71288.0,71562.0,71595.0,71368.25
1600000US0660018,Redondo Beach,California,68185.0,67863.0,67908.0,67396.0,67838.0
1600000US0660102,Redwood City,California,85300.0,84965.0,86683.0,86186.0,85783.5
1600000US0660466,Rialto,California,103137.0,103300.0,103555.0,103446.0,103359.5
1600000US0660620,Richmond,California,109715.0,109814.0,110037.0,110175.0,109935.25
1600000US0662000,Riverside,California,322423.0,324727.0,327722.0,330080.0,326238.0
1600000US1714000,Chicago,Illinois,2720556.0,2704965.0,2716462.0,2705988.0,2711992.75
1600000US1714351,Cicero,Illinois,83867.0,82991.0,82560.0,81602.0,82755.0
1600000US1718823,Decatur,Illinois,72856.0,71435.0,68645.0,71860.0,71199.0
1600000US1723074,Elgin,Illinois,111076.0,114521.0,114459.0,110893.0,112737.25
1600000US1724582,Evanston,Illinois,75523.0,74899.0,74752.0,74110.0,74821.0
1600000US1738570,Joliet,Illinois,150025.0,146410.0,147150.0,149356.0,148235.25
1600000US1751622,Naperville,Illinois,147159.0,148063.0,148584.0,147823.0,147907.25
1600000US1757225,Palatine,Illinois,69269.0,68725.0,68610.0,68017.0,68655.25
1600000US1759000,Peoria,Illinois,118661.0,115588.0,115637.0,115720.0,116401.5
1600000US1765000,Rockford,Illinois,149346.0,147404.0,148287.0,147676.0,148178.25
1600000US1768003,Schaumburg,Illinois,75811.0,73803.0,73118.0,73970.0,74175.5
1600000US1770122,Skokie,Illinois,64819.0,64292.0,63984.0,63292.0,64096.75
1600000US1772000,Springfield,Illinois,117809.0,115511.0,114663.0,114512.0,115623.75
1600000US1779293,Waukegan,Illinois,88347.0,84467.0,88805.0,82934.0,86138.25
1600000US1805860,Bloomington,Indiana,83815.0,86654.0,85551.0,86522.0,85635.5
1600000US1810342,Carmel,Indiana,89029.0,90533.0,93148.0,95767.0,92119.25
1600000US1822000,Evansville,Indiana,117679.0,119407.0,117940.0,117967.0,118248.25
1600000US1823278,Fishers,Indiana,86071.0,88930.0,90907.0,93790.0,89924.5
1600000US1825000,Fort Wayne,Indiana,258144.0,261342.0,254796.0,264170.0,259613.0
1600000US1827000,Gary,Indiana,77354.0,74186.0,76430.0,69602.0,74393.0
1600000US1831000,Hammond,Indiana,77610.0,77131.0,76627.0,75806.0,76793.5
1600000US1836003,Indianapolis city (balance),Indiana,848423.0,852506.0,857386.0,864131.0,855611.5
1600000US1840788,Lafayette,Indiana,71170.0,71311.0,71225.0,72393.0,71524.75
1600000US1851876,Muncie,Indiana,69701.0,68707.0,68450.0,70178.0,69259.0
1600000US1871000,South Bend,Indiana,103757.0,102442.0,96143.0,103869.0,101552.75
1600000US1901855,Ames,Iowa,65052.0,66190.0,66500.0,67155.0,66224.25
1600000US1912000,Cedar Rapids,Iowa,130405.0,131118.0,132240.0,133169.0,131733.0
1600000US1919000,Davenport,Iowa,102577.0,102608.0,102314.0,102080.0,102394.75
1600000US1921000,Des Moines,Iowa,210317.0,215328.0,217508.0,216993.0,215036.5
1600000US1938595,Iowa City,Iowa,74227.0,74384.0,75788.0,76291.0,75172.5
1600000US1973335,Sioux City,Iowa,82776.0,82105.0,84034.0,82762.0,82919.25
1600000US1982425,Waterloo,Iowa,68457.0,67940.0,67588.0,67797.0,67945.5
1600000US2036000,Kansas City,Kansas,151261.0,153893.0,155031.0,154361.0,153636.5
1600000US2038900,Lawrence,Kansas,93916.0,95355.0,95000.0,97293.0,95391.0
1600000US2052575,Olathe,Kansas,134316.0,135474.0,137500.0,139588.0,136719.5
1600000US2053775,Overland Park,Kansas,186511.0,188955.0,191263.0,192525.0,189813.5
1600000US2064500,Shawnee,Kansas,65058.0,65215.0,65505.0,65844.0,65405.5
1600000US2071000,Topeka,Kansas,127257.0,126812.0,126588.0,125908.0,126641.25
1600000US2079000,Wichita,Kansas,389955.0,389927.0,390599.0,389259.0,389935.0
1600000US2146027,Lexington-Fayette urban county,Kentucky,314488.0,318449.0,321959.0,323780.0,319669.0
1600000US2148006,Louisville/Jefferson County metro government (balance),Kentucky,615389.0,616261.0,621337.0,620149.0,618284.0
1600000US2205000,Baton Rouge,Louisiana,228596.0,227707.0,225370.0,221606.0,225819.75
1600000US2208920,Bossier City,Louisiana,68097.0,68485.0,68564.0,68222.0,68342.0
1600000US2239475,Kenner,Louisiana,67106.0,67094.0,67464.0,66656.0,67080.0
1600000US2240735,Lafayette,Louisiana,127661.0,127625.0,126847.0,126149.0,127070.5
1600000US2241155,Lake Charles,Louisiana,76066.0,76861.0,77125.0,77999.0,77012.75
1600000US2250115,Metairie,Louisiana,146458.0,143475.0,146847.0,141114.0,144473.5
1600000US2255000,New Orleans,Louisiana,389617.0,391495.0,393292.0,391006.0,391352.5
1600000US2270000,Shreveport,Louisiana,196994.0,194472.0,191715.0,189149.0,193082.5
1600000US2360545,Portland,Maine,66872.0,66945.0,66878.0,66420.0,66778.75
1600000US2404000,Baltimore,Maryland,621849.0,614664.0,611648.0,602495.0,612664.0
1600000US2419125,Columbia,Maryland,103467.0,107308.0,103709.0,106772.0,105314.0
1600000US2426000,Ellicott City,Maryland,70932.0,68683.0,76727.0,72689.0,72257.75
1600000US2430325,Frederick,Maryland,69482.0,70062.0,71397.0,72152.0,70773.25
1600000US2431175,Gaithersburg,Maryland,67445.0,67760.0,68721.0,68294.0,68055.0
1600000US2432025,Germantown,Maryland,84122.0,89940.0,95711.0,81399.0,87793.0
1600000US2432650,Glen Burnie,Maryland,69859.0,69499.0,70108.0,65987.0,68863.25
1600000US2467675,Rockville,Maryland,66998.0,66927.0,68400.0,68252.0,67644.25
1600000US2472450,Silver Spring,Maryland,82463.0,85988.0,80265.0,81816.0,82633.0
1600000US2481175,Waldorf,Maryland,75512.0,75448.0,69519.0,78591.0,74767.5
1600000US2507000,Boston,Massachusetts,669469.0,672840.0,683015.0,695926.0,680312.5
1600000US2509000,Brockton,Massachusetts,95314.0,95623.0,95664.0,95781.0,95595.5
1600000US2511000,Cambridge,Massachusetts,110402.0,110644.0,113631.0,118967.0,113411.0
1600000US2523000,Fall River,Massachusetts,88770.0,88929.0,89415.0,89662.0,89194.0
1600000US2524960,Framingham,Massachusetts,71210.0,71583.0,72045.0,73123.0,71990.25
1600000US2534550,Lawrence,Massachusetts,80240.0,80216.0,80183.0,80370.0,80252.25
1600000US2537000,Lowell,Massachusetts,110720.0,110572.0,111343.0,111666.0,111075.25
1600000US2537490,Lynn,Massachusetts,92459.0,92708.0,94064.0,94655.0,93471.5
1600000US2545000,New Bedford,Massachusetts,94959.0,95035.0,95110.0,95323.0,95106.75
1600000US2545560,Newton,Massachusetts,88809.0,89041.0,88989.0,88911.0,88937.5
1600000US2555745,Quincy,Massachusetts,93629.0,93686.0,94165.0,94590.0,94017.5
1600000US2562535,Somerville,Massachusetts,80334.0,81324.0,81361.0,81568.0,81146.75
1600000US2567000,Springfield,Massachusetts,154336.0,154079.0,154763.0,155029.0,154551.75
1600000US2582000,Worcester,Massachusetts,184806.0,184509.0,185685.0,185883.0,185220.75
1600000US2603000,Ann Arbor,Michigan,117070.0,120777.0,121461.0,121885.0,120298.25
1600000US2621000,Dearborn,Michigan,95180.0,94430.0,94497.0,94325.0,94608.0
1600000US2622000,Detroit,Michigan,677124.0,672829.0,673103.0,672681.0,673934.25
1600000US2627440,Farmington Hills,Michigan,81332.0,81130.0,81048.0,81103.0,81153.25
1600000US2629000,Flint,Michigan,98297.0,97379.0,96439.0,95932.0,97011.75
1600000US2634000,Grand Rapids,Michigan,195099.0,196458.0,198811.0,200230.0,197649.5
1600000US2642160,Kalamazoo,Michigan,76040.0,75988.0,75802.0,76557.0,76096.75
1600000US2646000,Lansing,Michigan,114110.0,117400.0,115451.0,117388.0,116087.25
1600000US2649000,Livonia,Michigan,94633.0,94044.0,94108.0,93970.0,94188.75
1600000US2669035,Rochester Hills,Michigan,73432.0,73418.0,74198.0,74700.0,73937.0
1600000US2674900,Southfield,Michigan,73177.0,73093.0,73203.0,73141.0,73153.5
1600000US2676460,Sterling Heights,Michigan,132062.0,132442.0,132628.0,132967.0,132524.75
1600000US2680700,Troy,Michigan,83276.0,83651.0,83826.0,84259.0,83753.0
1600000US2684000,Warren,Michigan,135356.0,135121.0,135029.0,134583.0,135022.25
1600000US2686000,Westland,Michigan,81995.0,81543.0,81750.0,81714.0,81750.5
1600000US2688940,Wyoming,Michigan,75277.0,75560.0,75938.0,75812.0,75646.75
1600000US2706616,Bloomington,Minnesota,86436.0,85337.0,85863.0,85574.0,85802.5
1600000US2707966,Brooklyn Park,Minnesota,79150.0,79708.0,80573.0,80614.0,80011.25
1600000US2717000,Duluth,Minnesota,86126.0,86300.0,86048.0,85884.0,86089.5
1600000US2717288,Eagan,Minnesota,66288.0,66431.0,66623.0,66539.0,66470.25
1600000US2740166,Maple Grove,Minnesota,68381.0,69569.0,71069.0,71812.0,70207.75
1600000US2743000,Minneapolis,Minnesota,410935.0,413645.0,422326.0,425395.0,418075.25
1600000US2751730,Plymouth,Minnesota,75928.0,77231.0,78388.0,79437.0,77746.0
1600000US2754880,Rochester,Minnesota,112216.0,114008.0,115733.0,116957.0,114728.5
1600000US2756896,St. Cloud,Minnesota,68253.0,67396.0,65403.0,68928.0,67495.0
1600000US2758000,St. Paul,Minnesota,300840.0,302403.0,306604.0,307701.0,304387.0
1600000US2771428,Woodbury,Minnesota,67850.0,68824.0,69755.0,71299.0,69432.0
1600000US2829700,Gulfport,Mississippi,71872.0,72077.0,71812.0,71865.0,71906.5
1600000US2836000,Jackson,Mississippi,170811.0,169141.0,167250.0,164720.0,167980.5
1600000US2915670,Columbia,Missouri,119098.0,120606.0,121720.0,123182.0,121151.5
1600000US2935000,Independence,Missouri,117255.0,117031.0,117308.0,116939.0,117133.25
1600000US2938000,Kansas City,Missouri,475361.0,481360.0,488825.0,491809.0,484338.75
1600000US2941348,Lee's Summit,Missouri,95068.0,95782.0,97101.0,98919.0,96717.5
1600000US2954074,O'Fallon,Missouri,85032.0,86276.0,87578.0,88464.0,86837.5
1600000US2964082,St. Charles,Missouri,68801.0,69293.0,70335.0,70770.0,69799.75
1600000US2964550,St. Joseph,Missouri,76096.0,76506.0,76643.0,75437.0,76170.5
1600000US2965000,St. Louis,Missouri,315685.0,311404.0,308626.0,302838.0,309638.25
1600000US2970000,Springfield,Missouri,166798.0,167313.0,167376.0,168113.0,167400.0
1600000US3006550,Billings,Montana,110270.0,110314.0,109642.0,109544.0,109942.5
1600000US3050200,Missoula,Montana,71024.0,72362.0,73338.0,74427.0,72787.75
1600000US3128000,Lincoln,Nebraska,277346.0,280369.0,284734.0,287399.0,282462.0
1600000US3137000,Omaha,Nebraska,443887.0,446956.0,466903.0,468267.0,456503.25
1600000US3223770,Enterprise,Nevada,135474.0,139509.0,168011.0,187078.0,157518.0
1600000US3231900,Henderson,Nevada,285658.0,292977.0,302535.0,310374.0,297886.0
1600000US3240000,Las Vegas,Nevada,623769.0,632916.0,641708.0,644664.0,635764.25
1600000US3251800,North Las Vegas,Nevada,234793.0,238689.0,242949.0,245949.0,240595.0
1600000US3254600,Paradise,Nevada,236946.0,242013.0,235123.0,242266.0,239087.0
1600000US3260600,Reno,Nevada,241443.0,245251.0,248860.0,250989.0,246635.75
1600000US3268400,Sparks,Nevada,96098.0,98346.0,100878.0,104254.0,99894.0
1600000US3268585,Spring Valley,Nevada,193955.0,205933.0,211280.0,214161.0,206332.25
1600000US3271400,Sunrise Manor,Nevada,192608.0,193357.0,193055.0,188515.0,191883.75
1600000US3345140,Manchester,New Hampshire,110223.0,110499.0,111194.0,112529.0,111111.25
1600000US3350260,Nashua,New Hampshire,87975.0,87889.0,88350.0,89257.0,88367.75
1600000US3403580,Bayonne,New Jersey,66303.0,66224.0,67178.0,65082.0,66196.75
1600000US3410000,Camden,New Jersey,76131.0,74417.0,74534.0,73968.0,74762.5
1600000US3413690,Clifton,New Jersey,86341.0,85847.0,86615.0,85272.0,86018.75
1600000US3419390,East Orange,New Jersey,64962.0,64797.0,65399.0,64469.0,64906.75
1600000US3421000,Elizabeth,New Jersey,129012.0,128638.0,130222.0,128882.0,129188.5
1600000US3436000,Jersey City,New Jersey,264277.0,264161.0,270750.0,265560.0,266187.0
1600000US3451000,Newark,New Jersey,281913.0,281770.0,285156.0,282102.0,282735.25
1600000US3456550,Passaic,New Jersey,71082.0,70646.0,71245.0,69945.0,70729.5
1600000US3457000,Paterson,New Jersey,147757.0,147011.0,148678.0,145626.0,147268.0
1600000US3473110,Toms River,New Jersey,87750.0,88283.0,89861.0,91268.0,89290.5
1600000US3474000,Trenton,New Jersey,84231.0,84065.0,84971.0,83973.0,84310.0
1600000US3474630,Union City,New Jersey,69149.0,69298.0,70409.0,68521.0,69344.25
1600000US3502000,Albuquerque,New Mexico,559131.0,559270.0,558558.0,560234.0,559298.25
1600000US3539380,Las Cruces,New Mexico,101644.0,101760.0,101706.0,102929.0,102009.75
1600000US3563460,Rio Rancho,New Mexico,94155.0,96022.0,96168.0,98016.0,96090.25
1600000US3570500,Santa Fe,New Mexico,84112.0,83881.0,83763.0,84605.0,84090.25
1600000US3601000,Albany,New York,98452.0,98106.0,98252.0,97273.0,98020.75
1600000US3608026,Brentwood,New York,63792.0,62132.0,66458.0,64855.0,64309.25
1600000US3611000,Buffalo,New York,258066.0,256908.0,258592.0,256322.0,257472.0
1600000US3615000,Cheektowaga,New York,76075.0,73199.0,73232.0,74223.0,74182.25
1600000US3649121,Mount Vernon,New York,68621.0,68348.0,68702.0,67606.0,68319.25
1600000US3650617,New Rochelle,New York,79838.0,79558.0,79956.0,78747.0,79524.75
1600000US3651000,New York,New York,8550405.0,8537673.0,8622698.0,8398748.0,8527381.0
1600000US3663000,Rochester,New York,209808.0,208886.0,208049.0,206290.0,208258.25
1600000US3665508,Schenectady,New York,65299.0,64907.0,65626.0,65570.0,65350.5
1600000US3673000,Syracuse,New York,144152.0,143378.0,143398.0,142740.0,143417.0
1600000US3684000,Yonkers,New York,201118.0,200792.0,202008.0,199646.0,200891.0
1600000US3702140,Asheville,North Carolina,88507.0,89098.0,91916.0,92460.0,90495.25
1600000US3710740,Cary,North Carolina,160514.0,164007.0,166032.0,169537.0,165022.5
1600000US3712000,Charlotte,North Carolina,827121.0,842029.0,859052.0,872506.0,850177.0
1600000US3714100,Concord,North Carolina,87693.0,89895.0,92072.0,94134.0,90948.5
1600000US3719000,Durham,North Carolina,257598.0,262989.0,267932.0,274497.0,265754.0
1600000US3722920,Fayetteville,North Carolina,201965.0,204777.0,209913.0,209465.0,206530.0
1600000US3725580,Gastonia,North Carolina,74550.0,75537.0,76606.0,77021.0,75928.5
1600000US3728000,Greensboro,North Carolina,285344.0,287019.0,290201.0,294726.0,289322.5
1600000US3728080,Greenville,North Carolina,90588.0,91500.0,92171.0,93136.0,91848.75
1600000US3731400,High Point,North Carolina,109828.0,115299.0,111213.0,114322.0,112665.5
1600000US3734200,Jacksonville,North Carolina,67363.0,67795.0,72448.0,72895.0,70125.25
1600000US3755000,Raleigh,North Carolina,451949.0,458862.0,464972.0,470509.0,461573.0
1600000US3774440,Wilmington,North Carolina,115947.0,117545.0,119048.0,122610.0,118787.5
1600000US3775000,Winston-Salem,North Carolina,241232.0,242200.0,244592.0,246334.0,243589.5
1600000US3807200,Bismarck,North Dakota,70240.0,68780.0,71574.0,71843.0,70609.25
1600000US3825700,Fargo,North Dakota,119250.0,120235.0,123590.0,125040.0,122028.75
1600000US3901000,Akron,Ohio,197553.0,197634.0,197849.0,198025.0,197765.25
1600000US3912000,Canton,Ohio,71895.0,71329.0,70893.0,70469.0,71146.5
1600000US3915000,Cincinnati,Ohio,298537.0,298802.0,301305.0,302615.0,300314.75
1600000US3916000,Cleveland,Ohio,388059.0,385810.0,385552.0,383781.0,385800.5
1600000US3918000,Columbus,Ohio,849067.0,862643.0,881901.0,895877.0,872372.0
1600000US3921000,Dayton,Ohio,140597.0,140478.0,140379.0,140638.0,140523.0
1600000US3944856,Lorain,Ohio,63651.0,63736.0,63840.0,64031.0,63814.5
1600000US3961000,Parma,Ohio,79943.0,79423.0,79159.0,78746.0,79317.75
1600000US3977000,Toledo,Ohio,279778.0,278512.0,276494.0,274973.0,277439.25
1600000US3988000,Youngstown,Ohio,64609.0,64301.0,64585.0,64958.0,64613.25
1600000US4009050,Broken Arrow,Oklahoma,107595.0,109439.0,110468.0,110123.0,109406.25
1600000US4023200,Edmond,Oklahoma,90090.0,91187.0,91936.0,93118.0,91582.75
1600000US4041850,Lawton,Oklahoma,96659.0,94652.0,93717.0,92860.0,94472.0
1600000US4052500,Norman,Oklahoma,120297.0,122186.0,122842.0,123469.0,122198.5
1600000US4055000,Oklahoma City,Oklahoma,631263.0,638311.0,643574.0,649410.0,640639.5
1600000US4075000,Tulsa,Oklahoma,403091.0,403622.0,402227.0,401112.0,402513.0
1600000US4105350,Beaverton,Oregon,96577.0,97602.0,97529.0,98951.0,97664.75
1600000US4105800,Bend,Oregon,87017.0,91123.0,94527.0,97590.0,92564.25
1600000US4123850,Eugene,Oregon,163448.0,166581.0,168909.0,171259.0,167549.25
1600000US4131250,Gresham,Oregon,110582.0,111521.0,111039.0,110165.0,110826.75
1600000US4134100,Hillsboro,Oregon,102360.0,105171.0,106903.0,108382.0,105704.0
1600000US4147000,Medford,Oregon,79795.0,81621.0,81777.0,82348.0,81385.25
1600000US4159000,Portland,Oregon,632187.0,639635.0,648121.0,652573.0,643129.0
1600000US4164900,Salem,Oregon,164543.0,167421.0,169790.0,173420.0,168793.5
1600000US4202000,Allentown,Pennsylvania,120207.0,120440.0,121278.0,121429.0,120838.5
1600000US4206088,Bethlehem,Pennsylvania,74367.0,76427.0,76469.0,75979.0,75810.5
1600000US4224000,Erie,Pennsylvania,99470.0,98601.0,97369.0,96459.0,97974.75
1600000US4260000,Philadelphia,Pennsylvania,1567442.0,1567872.0,1580863.0,1584138.0,1575078.75
1600000US4261000,Pittsburgh,Pennsylvania,304385.0,303624.0,302414.0,301038.0,302865.25
1600000US4263624,Reading,Pennsylvania,87873.0,87575.0,88418.0,88508.0,88093.5
1600000US4269000,Scranton,Pennsylvania,77112.0,77294.0,77597.0,77186.0,77297.25
1600000US4419180,Cranston,Rhode Island,81077.0,81025.0,81192.0,81282.0,81144.0
1600000US4454640,Pawtucket,Rhode Island,71583.0,71434.0,72006.0,71842.0,71716.25
1600000US4459000,Providence,Rhode Island,179204.0,179214.0,180388.0,179335.0,179535.25
1600000US4474300,Warwick,Rhode Island,81698.0,81576.0,80873.0,80842.0,81247.25
1600000US4513330,Charleston,South Carolina,135524.0,137539.0,139906.0,141088.0,138514.25
1600000US4516000,Columbia,South Carolina,133393.0,133972.0,133578.0,133610.0,133638.25
1600000US4548535,Mount Pleasant,South Carolina,81309.0,84177.0,86668.0,89340.0,85373.5
1600000US4550875,North Charleston,South Carolina,111864.0,112147.0,112742.0,119214.0,113991.75
1600000US4561405,Rock Hill,South Carolina,71567.0,72926.0,73064.0,74308.0,72966.25
1600000US4652980,Rapid City,South Dakota,73568.0,74050.0,74418.0,75448.0,74371.0
1600000US4659020,Sioux Falls,South Dakota,171530.0,174350.0,176898.0,181906.0,176171.0
1600000US4714000,Chattanooga,Tennessee,176597.0,177582.0,179130.0,180551.0,178465.0
1600000US4715160,Clarksville,Tennessee,149190.0,150280.0,153210.0,156800.0,152370.0
1600000US4727740,Franklin,Tennessee,72635.0,74788.0,78311.0,80920.0,76663.5
1600000US4737640,Jackson,Tennessee,66980.0,67006.0,66856.0,66900.0,66935.5
1600000US4738320,Johnson City,Tennessee,65369.0,66976.0,65816.0,68245.0,66601.5
1600000US4740000,Knoxville,Tennessee,185312.0,186238.0,187344.0,187514.0,186602.0
1600000US4748000,Memphis,Tennessee,655760.0,652752.0,652231.0,650632.0,652843.75
1600000US4751560,Murfreesboro,Tennessee,126121.0,131939.0,136372.0,141336.0,133942.0
1600000US4752006,Nashville-Davidson metropolitan government (balance),Tennessee,654596.0,660393.0,665967.0,665498.0,661613.5
1600000US4801000,Abilene,Texas,125876.0,128272.0,123304.0,125456.0,125727.0
1600000US4801924,Allen,Texas,98138.0,99166.0,100679.0,103378.0,100340.25
1600000US4803000,Amarillo,Texas,199651.0,197812.0,200558.0,200880.0,199725.25
1600000US4804000,Arlington,Texas,388122.0,392787.0,396407.0,398122.0,393859.5
1600000US4804462,Atascocita,Texas,78240.0,72763.0,84443.0,86243.0,80422.25
1600000US4805000,Austin,Texas,931840.0,947897.0,950714.0,964243.0,948673.5
1600000US4806128,Baytown,Texas,75485.0,76834.0,77862.0,77962.0,77035.75
1600000US4807000,Beaumont,Texas,118110.0,118309.0,119126.0,118425.0,118492.5
1600000US4810768,Brownsville,Texas,183888.0,183829.0,183292.0,183389.0,183599.5
1600000US4810912,Bryan,Texas,82106.0,83265.0,84029.0,85447.0,83711.75
1600000US4813024,Carrollton,Texas,133146.0,133351.0,135709.0,136869.0,134768.75
1600000US4813552,Cedar Park,Texas,64837.0,70498.0,75238.0,75553.0,71531.5
1600000US4815976,College Station,Texas,107899.0,112142.0,113563.0,116218.0,112455.5
1600000US4816432,Conroe,Texas,68592.0,82296.0,84379.0,87656.0,80730.75
1600000US4817000,Corpus Christi,Texas,324082.0,325734.0,325600.0,326566.0,325495.5
1600000US4819000,Dallas,Texas,1300082.0,1317942.0,1341103.0,1345076.0,1326050.75
1600000US4819972,Denton,Texas,131047.0,133803.0,136266.0,138553.0,134917.25
1600000US4822660,Edinburg,Texas,84501.0,87642.0,90271.0,98671.0,90271.25
1600000US4824000,El Paso,Texas,681136.0,683088.0,683583.0,682686.0,682623.25
1600000US4826232,Flower Mound,Texas,71024.0,73289.0,76592.0,77038.0,74485.75
1600000US4827000,Fort Worth,Texas,836969.0,855897.0,876060.0,898919.0,866961.25
1600000US4827684,Frisco,Texas,154388.0,163631.0,177281.0,188153.0,170863.25
1600000US4829000,Garland,Texas,236836.0,234588.0,237607.0,242402.0,237858.25
1600000US4830464,Grand Prairie,Texas,187755.0,190626.0,193812.0,194600.0,191698.25
1600000US4832372,Harlingen,Texas,65769.0,65533.0,65462.0,65434.0,65549.5
1600000US4835000,Houston,Texas,2298628.0,2304388.0,2313230.0,2326090.0,2310584.0
1600000US4837000,Irving,Texas,236617.0,238284.0,240369.0,242228.0,239374.5
1600000US4839148,Killeen,Texas,140809.0,143397.0,145484.0,149102.0,144698.0
1600000US4841464,Laredo,Texas,255789.0,257988.0,261935.0,259512.0,258806.0
1600000US4841980,League City,Texas,98350.0,101619.0,105105.0,106188.0,102815.5
1600000US4842508,Lewisville,Texas,104808.0,104676.0,106656.0,106205.0,105586.25
1600000US4843888,Longview,Texas,81590.0,81712.0,83081.0,81424.0,81951.75
1600000US4845000,Lubbock,Texas,249051.0,252514.0,253887.0,255885.0,252834.25
1600000US4845384,McAllen,Texas,140253.0,142203.0,142699.0,143429.0,142146.0
1600000US4845744,McKinney,Texas,162887.0,172318.0,181330.0,191666.0,177050.25
1600000US4847892,Mesquite,Texas,145124.0,143763.0,143822.0,142874.0,143895.75
1600000US4848072,Midland,Texas,132950.0,134613.0,136090.0,142339.0,136498.0
1600000US4848768,Mission,Texas,83307.0,83556.0,84428.0,84829.0,84030.0
1600000US4848804,Missouri City,Texas,71778.0,74875.0,72519.0,72978.0,73037.5
1600000US4850820,New Braunfels,Texas,69923.0,70999.0,82306.0,85566.0,77198.5
1600000US4852356,North Richland Hills,Texas,69205.0,69807.0,70446.0,70839.0,70074.25
1600000US4853388,Odessa,Texas,118980.0,117749.0,117105.0,122440.0,119068.5
1600000US4856000,Pasadena,Texas,153786.0,153359.0,153533.0,153212.0,153472.5
1600000US4856348,Pearland,Texas,111665.0,117367.0,125198.0,124321.0,119637.75
1600000US4857200,Pharr,Texas,76535.0,77314.0,79491.0,79704.0,78261.0
1600000US4858016,Plano,Texas,283619.0,286047.0,285312.0,287765.0,285685.75
1600000US4861796,Richardson,Texas,110827.0,113368.0,116783.0,120954.0,115483.0
1600000US4863500,Round Rock,Texas,115839.0,120528.0,123560.0,128490.0,122104.25
1600000US4864472,San Angelo,Texas,100413.0,103526.0,94940.0,101824.0,100175.75
1600000US4865000,San Antonio,Texas,1469824.0,1492494.0,1511913.0,1532212.0,1501610.75
1600000US4870808,Sugar Land,Texas,88129.0,88187.0,88488.0,118614.0,95854.5
1600000US4872176,Temple,Texas,72297.0,73597.0,74494.0,76251.0,74159.75
1600000US4872656,The Woodlands,Texas,119144.0,112076.0,115097.0,107305.0,113405.5
1600000US4874144,Tyler,Texas,103705.0,104796.0,104998.0,105727.0,104806.5
1600000US4875428,Victoria,Texas,67581.0,67672.0,67102.0,67020.0,67343.75
1600000US4876000,Waco,Texas,132342.0,134422.0,136437.0,138180.0,135345.25
1600000US4879000,Wichita Falls,Texas,104709.0,104735.0,104745.0,104568.0,104689.25
1600000US4943660,Layton,Utah,74142.0,75658.0,76694.0,77306.0,75950.0
1600000US4955980,Ogden,Utah,85450.0,86709.0,87037.0,87305.0,86625.25
1600000US4957300,Orem,Utah,94457.0,97508.0,97840.0,97512.0,96829.25
1600000US4962470,Provo,Utah,115258.0,116874.0,117331.0,116713.0,116544.0
1600000US4965330,St. George,Utah,80207.0,82315.0,84390.0,87178.0,83522.5
1600000US4967000,Salt Lake City,Utah,192660.0,193776.0,200538.0,200576.0,196887.5
1600000US4967440,Sandy,Utah,93612.0,95827.0,96146.0,96901.0,95621.5
1600000US4970850,South Jordan,Utah,66639.0,69034.0,70953.0,74155.0,70195.25
1600000US4982950,West Jordan,Utah,111942.0,113688.0,113921.0,116047.0,113899.5
1600000US4983470,West Valley City,Utah,136224.0,136579.0,136166.0,136420.0,136347.25
1600000US5101000,Alexandria,Virginia,153511.0,155810.0,160035.0,160530.0,157471.5
1600000US5103000,Arlington,Virginia,229164.0,230050.0,234965.0,237521.0,232925.0
1600000US5114440,Centreville,Virginia,71782.0,68024.0,78355.0,78356.0,74129.25
1600000US5116000,Chesapeake,Virginia,235429.0,237940.0,240397.0,242634.0,239100.0
1600000US5121088,Dale City,Virginia,71399.0,72073.0,70223.0,68805.0,70625.0
1600000US5135000,Hampton,Virginia,136454.0,135410.0,134669.0,134313.0,135211.5
1600000US5147672,Lynchburg,Virginia,79812.0,80212.0,80995.0,82126.0,80786.25
1600000US5156000,Newport News,Virginia,182385.0,181825.0,179388.0,178626.0,180556.0
1600000US5157000,Norfolk,Virginia,246393.0,245115.0,244703.0,244076.0,245071.75
1600000US5164000,Portsmouth,Virginia,96201.0,95252.0,94572.0,94632.0,95164.25
1600000US5167000,Richmond,Virginia,220289.0,223170.0,227032.0,228783.0,224818.5
1600000US5168000,Roanoke,Virginia,99897.0,99660.0,99837.0,99920.0,99828.5
1600000US5176432,Suffolk,Virginia,88161.0,89273.0,90237.0,91185.0,89714.0
1600000US5182000,Virginia Beach,Virginia,452745.0,452602.0,450435.0,450189.0,451492.75
1600000US5303180,Auburn,Washington,76580.0,75968.0,79619.0,82782.0,78737.25
1600000US5305210,Bellevue,Washington,139814.0,141415.0,144459.0,147595.0,143320.75
1600000US5305280,Bellingham,Washington,85143.0,87577.0,89044.0,90660.0,88106.0
1600000US5322640,Everett,Washington,108012.0,109035.0,110086.0,111263.0,109599.0
1600000US5323515,Federal Way,Washington,95188.0,96748.0,96691.0,97037.0,96416.0
1600000US5335275,Kennewick,Washington,78903.0,80469.0,81601.0,82950.0,80980.75
1600000US5335415,Kent,Washington,126962.0,127506.0,128463.0,129613.0,128136.0
1600000US5335940,Kirkland,Washington,87267.0,87672.0,88630.0,89557.0,88281.5
1600000US5343955,Marysville,Washington,66773.0,67625.0,68859.0,69765.0,68255.5
1600000US5353545,Pasco,Washington,68097.0,71934.0,67205.0,71727.0,69740.75
1600000US5357745,Renton,Washington,100247.0,100952.0,101372.0,102152.0,101180.75
1600000US5363000,Seattle,Washington,684443.0,704358.0,724764.0,744949.0,714628.5
1600000US5367000,Spokane,Washington,213267.0,215964.0,217096.0,219197.0,216381.0
1600000US5367167,Spokane Valley,Washington,94908.0,96337.0,97858.0,99703.0,97201.5
1600000US5370000,Tacoma,Washington,207950.0,211304.0,213426.0,216271.0,212237.75
1600000US5374060,Vancouver,Washington,172853.0,174836.0,175661.0,183017.0,176591.75
1600000US5380010,Yakima,Washington,93700.0,93974.0,93669.0,93874.0,93804.25
1600000US5502375,Appleton,Wisconsin,75255.0,75465.0,73984.0,74345.0,74762.25
1600000US5522300,Eau Claire,Wisconsin,67433.0,67776.0,69835.0,68256.0,68325.0
1600000US5531000,Green Bay,Wisconsin,105221.0,105142.0,105114.0,104880.0,105089.25
1600000US5539225,Kenosha,Wisconsin,99856.0,99634.0,99875.0,100151.0,99879.0
1600000US5548000,Madison,Wisconsin,248956.0,252557.0,255239.0,258034.0,253696.5
1600000US5553000,Milwaukee,Wisconsin,600154.0,595070.0,595365.0,592002.0,595647.75
1600000US5560500,Oshkosh,Wisconsin,66557.0,66570.0,66668.0,66737.0,66633.0
1600000US5566000,Racine,Wisconsin,77737.0,77572.0,77555.0,77434.0,77574.5
1600000US5584250,Waukesha,Wisconsin,71976.0,72358.0,72483.0,72549.0,72341.5
1600000US7210334,Caguas,Puerto Rico,77008.0,75619.0,73819.0,72704.0,74787.5
1600000US7214290,Carolina,Puerto Rico,142066.0,141984.0,135781.0,133734.0,138391.25
1600000US7232522,Guaynabo,Puerto Rico,70492.0,70097.0,71420.0,67294.0,69825.75
1600000US7263820,Ponce,Puerto Rico,121583.0,117185.0,114335.0,107947.0,115262.5
1600000US7276770,San Juan,Puerto Rico,342237.0,333149.0,321613.0,309990.0,326747.25
1600000US0662938,Roseville,California,130282.0,132683.0,135325.0,139110.0,134350.0
1600000US0664000,Sacramento,California,490715.0,495200.0,501890.0,508517.0,499080.5
1600000US0664224,Salinas,California,157386.0,157224.0,157594.0,156275.0,157119.75
1600000US0665000,San Bernardino,California,216137.0,216242.0,216983.0,215929.0,216322.75
1600000US0665042,San Buenaventura (Ventura),California,109717.0,109591.0,110784.0,111120.0,110303.0
1600000US0665084,San Clemente,California,65532.0,65304.0,65269.0,64850.0,65238.75
1600000US0666000,San Diego,California,1394907.0,1406622.0,1419488.0,1425999.0,1411754.0
1600000US0667000,San Francisco,California,864816.0,870887.0,884363.0,883305.0,875842.75
1600000US0668000,San Jose,California,1026919.0,1025373.0,1035353.0,1030119.0,1029441.0
1600000US0668084,San Leandro,California,90711.0,90460.0,90555.0,89683.0,90352.25
1600000US0668196,San Marcos,California,92934.0,95268.0,96188.0,96834.0,95306.0
1600000US0668252,San Mateo,California,103524.0,103959.0,104733.0,105016.0,104308.0
1600000US0668378,San Ramon,California,76132.0,75643.0,75922.0,75832.0,75882.25
1600000US0669000,Santa Ana,California,335423.0,334236.0,334135.0,332727.0,334130.25
1600000US0669070,Santa Barbara,California,91852.0,91940.0,92099.0,91330.0,91805.25
1600000US0669084,Santa Clara,California,126216.0,125938.0,127131.0,129489.0,127193.5
1600000US0669088,Santa Clarita,California,182367.0,181960.0,210886.0,210085.0,196324.5
1600000US0669196,Santa Maria,California,105082.0,106286.0,107018.0,107424.0,106452.5
1600000US0670000,Santa Monica,California,93219.0,92478.0,92298.0,91417.0,92353.0
1600000US0670098,Santa Rosa,California,174989.0,175143.0,175269.0,177587.0,175747.0
1600000US0672016,Simi Valley,California,126766.0,126327.0,126875.0,125844.0,126453.0
1600000US0673080,South Gate,California,96399.0,95537.0,95422.0,94439.0,95449.25
1600000US0673262,South San Francisco,California,67271.0,66989.0,67430.0,67736.0,67356.5
1600000US0675000,Stockton,California,305650.0,307057.0,310476.0,311189.0,308593.0
1600000US0677000,Sunnyvale,California,151760.0,152762.0,153656.0,153175.0,152838.25
1600000US0678120,Temecula,California,112026.0,113062.0,114318.0,114749.0,113538.75
1600000US0678582,Thousand Oaks,California,129329.0,128915.0,128972.0,127720.0,128734.0
1600000US0680000,Torrance,California,148468.0,147185.0,146745.0,145181.0,146894.75
1600000US0680238,Tracy,California,87093.0,89263.0,90886.0,91803.0,89761.25
1600000US0680812,Turlock,California,72293.0,72808.0,73562.0,73490.0,73038.25
1600000US0680854,Tustin,California,80563.0,80379.0,80502.0,79787.0,80307.75
1600000US0681204,Union City,California,74510.0,75316.0,75344.0,74568.0,74934.5
1600000US0681344,Upland,California,76447.0,76691.0,76985.0,77002.0,76781.25
1600000US0681554,Vacaville,California,96794.0,98308.0,100023.0,100147.0,98818.0
1600000US0681666,Vallejo,California,121269.0,121316.0,122086.0,121915.0,121646.5
1600000US0682590,Victorville,California,122236.0,122283.0,122465.0,122305.0,122322.25
1600000US0682954,Visalia,California,130094.0,131069.0,133009.0,133783.0,131988.75
1600000US0682996,Vista,California,100884.0,101665.0,101557.0,101227.0,101333.25
1600000US0683346,Walnut Creek,California,68906.0,69127.0,69792.0,69814.0,69409.75
1600000US0684200,West Covina,California,108489.0,107840.0,107623.0,106314.0,107566.5
1600000US0684550,Westminster,California,92111.0,91565.0,91548.0,90931.0,91538.75
1600000US0685292,Whittier,California,87436.0,86892.0,86841.0,86060.0,86807.25
1600000US0686832,Yorba Linda,California,67966.0,68236.0,68234.0,67804.0,68060.0
1600000US0686972,Yuba City,California,66944.0,66837.0,66872.0,66988.0,66910.25
1600000US0803455,Arvada,Colorado,115035.0,117308.0,118300.0,120127.0,117692.5
1600000US0804000,Aurora,Colorado,358870.0,362249.0,367250.0,373487.0,365464.0
1600000US0807850,Boulder,Colorado,107342.0,108108.0,107128.0,107355.0,107483.25
1600000US0809280,Broomfield,Colorado,65065.0,66529.0,68341.0,69267.0,67300.5
1600000US0812815,Centennial,Colorado,109726.0,109935.0,110277.0,110822.0,110190.0
1600000US0816000,Colorado Springs,Colorado,456562.0,465084.0,464470.0,472666.0,464695.5
1600000US0820000,Denver,Colorado,682545.0,693060.0,704621.0,716492.0,699179.5
1600000US0827425,Fort Collins,Colorado,161181.0,164196.0,165089.0,167823.0,164572.25
1600000US0832155,Greeley,Colorado,100883.0,104003.0,105457.0,107345.0,104422.0
1600000US0836410,Highlands Ranch,Colorado,102467.0,112436.0,107216.0,108257.0,107594.0
1600000US0843000,Lakewood,Colorado,152589.0,154368.0,154952.0,156779.0,154672.0
1600000US0845970,Longmont,Colorado,92221.0,92813.0,94145.0,95986.0,93791.25
1600000US0846465,Loveland,Colorado,75188.0,76906.0,76702.0,77444.0,76560.0
1600000US0862000,Pueblo,Colorado,109419.0,110295.0,111121.0,111751.0,110646.5
1600000US0877290,Thornton,Colorado,133459.0,136690.0,136992.0,139430.0,136642.75
1600000US0883835,Westminster,Colorado,113117.0,113865.0,112814.0,113473.0,113317.25
1600000US0908000,Bridgeport,Connecticut,147619.0,145934.0,146582.0,144898.0,146258.25
1600000US0918430,Danbury,Connecticut,84662.0,85008.0,85243.0,84731.0,84911.0
1600000US0937000,Hartford,Connecticut,124014.0,123287.0,123420.0,122591.0,123328.0
1600000US0950370,New Britain,Connecticut,72809.0,72570.0,72718.0,72440.0,72634.25
1600000US0952000,New Haven,Connecticut,130310.0,129939.0,131005.0,130407.0,130415.25
1600000US0955990,Norwalk,Connecticut,88483.0,88440.0,89000.0,89049.0,88743.0
1600000US0973000,Stamford,Connecticut,128877.0,129105.0,130835.0,129770.0,129646.75
1600000US0980000,Waterbury,Connecticut,108807.0,108269.0,108642.0,108086.0,108451.0
1600000US1077580,Wilmington,Delaware,71957.0,71455.0,71104.0,70653.0,71292.25
1600000US1150000,Washington,District of Columbia,672228.0,681170.0,693972.0,702455.0,687456.25
1600000US1200410,Alafaya,Florida,85264.0,91779.0,88496.0,92740.0,89569.75
1600000US1207300,Boca Raton,Florida,93226.0,96115.0,98153.0,99241.0,96683.75
1600000US1207875,Boynton Beach,Florida,73972.0,75569.0,77704.0,78038.0,76320.75
1600000US1208150,Brandon,Florida,113968.0,109582.0,121190.0,119778.0,116129.5
1600000US1210275,Cape Coral,Florida,175230.0,179795.0,183356.0,189342.0,181930.75
1600000US1212875,Clearwater,Florida,112979.0,114351.0,115501.0,116484.0,114828.75
1600000US1214400,Coral Springs,Florida,129502.0,130046.0,133058.0,133493.0,131524.75
1600000US1216475,Davie,Florida,100894.0,101857.0,105146.0,106565.0,103615.5
1600000US1216725,Deerfield Beach,Florida,79769.0,79754.0,80572.0,80854.0,80237.25
1600000US1217100,Delray Beach,Florida,66261.0,67366.0,68749.0,69356.0,67933.0
1600000US1217200,Deltona,Florida,88474.0,90139.0,90743.0,91946.0,90325.5
1600000US1224000,Fort Lauderdale,Florida,178587.0,178764.0,180071.0,182611.0,180008.25
1600000US1224125,Fort Myers,Florida,74015.0,77154.0,79941.0,82260.0,78342.5
1600000US1225175,Gainesville,Florida,130133.0,131593.0,132253.0,133851.0,131957.5
1600000US1230000,Hialeah,Florida,237082.0,236385.0,239682.0,238950.0,238024.75
1600000US1232000,Hollywood,Florida,149721.0,152007.0,153625.0,154813.0,152541.5
1600000US1232275,Homestead,Florida,66500.0,68000.0,69909.0,70469.0,68719.5
1600000US1235000,Jacksonville,Florida,868031.0,880623.0,892064.0,903896.0,886153.5
1600000US1236100,Kendall,Florida,76466.0,77619.0,73805.0,75979.0,75967.25
1600000US1236950,Kissimmee,Florida,69152.0,69369.0,71103.0,73596.0,70805.0
1600000US1238250,Lakeland,Florida,104410.0,106419.0,108051.0,110494.0,107343.5
1600000US1239425,Largo,Florida,81007.0,83077.0,84768.0,85008.0,83465.0
1600000US1239550,Lauderhill,Florida,71574.0,71635.0,71976.0,72081.0,71816.5
1600000US1239925,Lehigh Acres,Florida,119480.0,115673.0,132618.0,135272.0,125760.75
1600000US1243975,Melbourne,Florida,80136.0,81192.0,82003.0,82823.0,81538.5
1600000US1245000,Miami,Florida,440989.0,453584.0,463354.0,470911.0,457209.5
1600000US1245025,Miami Beach,Florida,92311.0,91905.0,92319.0,91715.0,92062.5
1600000US1245060,Miami Gardens,Florida,113199.0,113045.0,113743.0,113085.0,113268.0
1600000US1245975,Miramar,Florida,137115.0,138461.0,140323.0,140827.0,139181.5
1600000US1253000,Orlando,Florida,270917.0,277198.0,280258.0,285705.0,278519.5
1600000US1254000,Palm Bay,Florida,107895.0,110107.0,111660.0,114190.0,110963.0
1600000US1254200,Palm Coast,Florida,82121.0,88337.0,88394.0,87617.0,86617.25
1600000US1255775,Pembroke Pines,Florida,166624.0,168587.0,170703.0,172387.0,169575.25
1600000US1256825,Pine Hills,Florida,76081.0,76048.0,76847.0,90070.0,79761.5
1600000US1257425,Plantation,Florida,92555.0,92717.0,93922.0,94291.0,93371.25
1600000US1258050,Pompano Beach,Florida,107771.0,109380.0,110464.0,111930.0,109886.25
1600000US1258715,Port St. Lucie,Florida,179410.0,185136.0,189331.0,195251.0,187282.0
1600000US1260950,Riverview,Florida,89746.0,88941.0,90538.0,89982.0,89801.75
1600000US1263000,St. Petersburg,Florida,257088.0,260991.0,263252.0,265100.0,261607.75
1600000US1268350,Spring Hill,Florida,103197.0,111189.0,113508.0,117519.0,111353.25
1600000US1269700,Sunrise,Florida,92706.0,93723.0,94313.0,95461.0,94050.75
1600000US1270600,Tallahassee,Florida,189894.0,190895.0,191039.0,193550.0,191344.5
1600000US1271000,Tampa,Florida,369028.0,377172.0,385423.0,392905.0,381132.0
1600000US1271625,The Villages,Florida,72590.0,71350.0,79620.0,80576.0,76034.0
1600000US1272145,Town 'n' Country,Florida,78996.0,87561.0,89143.0,82577.0,84569.25
1600000US1276582,Weston,Florida,69947.0,70023.0,70927.0,71224.0,70530.25
1600000US1276600,West Palm Beach,Florida,106782.0,108149.0,110219.0,111389.0,109134.75
1600000US1301052,Albany,Georgia,71109.0,74904.0,71593.0,71646.0,72313.0
1600000US1303440,Athens-Clarke County unified government (balance),Georgia,122563.0,123456.0,125929.0,126000.0,124487.0
1600000US1304000,Atlanta,Georgia,463875.0,472506.0,486299.0,498073.0,480188.25
1600000US1304204,Augusta-Richmond County consolidated government (balance),Georgia,196579.0,196194.0,195678.0,196138.0,196147.25
1600000US1319000,Columbus,Georgia,200579.0,197485.0,194058.0,194160.0,196570.5
1600000US1342425,Johns Creek,Georgia,83339.0,83884.0,84359.0,84292.0,83968.5
1600000US1349008,Macon-Bibb County,Georgia,153459.0,152527.0,152646.0,153095.0,152931.75
1600000US1367284,Roswell,Georgia,94496.0,94592.0,94792.0,94648.0,94632.0
1600000US1368516,Sandy Springs,Georgia,105347.0,105720.0,106742.0,108798.0,106651.75
1600000US1369000,Savannah,Georgia,145684.0,146762.0,146449.0,145852.0,146186.75
1600000US1380508,Warner Robins,Georgia,74002.0,74401.0,75675.0,75413.0,74872.75
1600000US1571550,Urban Honolulu,Hawaii,352766.0,351769.0,350388.0,347403.0,350581.5
1600000US1608830,Boise City,Idaho,218280.0,223152.0,226567.0,228807.0,224201.5
1600000US1652120,Meridian,Idaho,90753.0,95627.0,99938.0,106794.0,98278.0
1600000US1656260,Nampa,Idaho,89850.0,91375.0,93585.0,96245.0,92763.75
1600000US1702154,Arlington Heights,Illinois,76996.0,74397.0,75097.0,77259.0,75937.25
1600000US1703012,Aurora,Illinois,203715.0,197107.0,202548.0,206389.0,202439.75
1600000US1706613,Bloomington,Illinois,78295.0,78024.0,77941.0,77955.0,78053.75
1600000US1707133,Bolingbrook,Illinois,72096.0,73367.0,72155.0,74224.0,72960.5
1600000US1712385,Champaign,Illinois,86086.0,86649.0,87426.0,88033.0,87048.5
1600000US7206593,Bayamón,Puerto Rico,170259.0,163941.0,164319.0,155832.0,163587.75
